<?xml version="1.0" encoding="UTF-8"?>
<odoo>
    <data>
        <!-- group of general manager -->
        <record id="general_manager_access_group" model="res.groups">
            <field name="name">General Manager</field>
            <field name="comment">General and Deputy Manager</field>
        </record>

        <!-- group of auditor -->
        <record id="auditor_access_group" model="res.groups">
            <field name="name">Account Manager</field>
            <field name="comment">Account Manager</field>
        </record>

        <!-- group of manager approvers -->
        <record id="manager_access_group" model="res.groups">
            <field name="name">Manager</field>
            <field name="comment">Manager</field>
        </record>

        <!-- group of validator -->
        <record id="validator_access_group" model="res.groups">
            <field name="name">Validator</field>
            <field name="comment">Validator</field>
        </record>

        <!-- Record Rules -->
        <record id="finance_access_rule_all" model="ir.rule">
            <field name="name">Finance Access Rule</field>
            <field name="model_id" ref="model_finance_approval"/>
            <field name="domain_force">['&amp;', '|',('user_id','=',user.id),('manager_id','=',user.id),
                '|',('company_id','=',False),('company_id','child_of',[user.company_id.id])]</field>
            <field name="groups" eval="[(4, ref('base.group_user'))]"/>
        </record>
        <record id="finance_access_rule_approvers" model="ir.rule">
            <field name="name">Finance Access Rule Approvers</field>
            <field name="model_id" ref="model_finance_approval"/>
            <field name="domain_force">['&amp;',(1,'=',1),'|',
                ('company_id','=',False),('company_id','child_of',[user.company_id.id])]</field>
            <field name="groups"
                   eval="[(4, ref('is_accounting_approval_14.auditor_access_group')),
                   (4, ref('is_accounting_approval_14.validator_access_group')),
                   (4, ref('account.group_account_manager')),
                   (4, ref('is_accounting_approval_14.general_manager_access_group'))]"/>
        </record>
    </data>
</odoo>